{"name":"GetIncidents","description":"<p>Retrieves all incidents from ServiceNow</p>","template_schema":{"type":"object","title":"","properties":{"9ec0c75910281a1f2f1c6b4bf66f6a46":{"connection":"com.softwareag.cloudstreams.servicenow_kingston-sagcloud","minLength":1,"propertyOrder":1,"type":"string","title":"Connect to ServiceNow Enterprise Service Management","__fieldId":"auth","cloudstream":{"id":"com.softwareag.cloudstreams.servicenow_kingston","name":"ServiceNow Enterprise Service Management","version":"Kingston","packageName":"WmServiceNowProvider","allowCustomOperations":"true","latest":true,"hasMultipleVersions":true,"description":"ServiceNow offers enterprise service management for human resources, law, facilities management, finance, marketing, and field operations using the ServiceNow API version Kingston.","type":"REST","providerName":"WmServiceNowProvider","allowDeleteApplication":false,"allowUpdateApplication":false,"connectionType":"sagcloud"},"source":"cloudstream","__icon":"com.softwareag.cloudstreams.servicenow_kingston","__path":[["1onWIPZAoQ","a1","auth"]]}}},"icons":["com.softwareag.cloudstreams.servicenow_kingston","sync-webhook"],"connectors":["ServiceNow Enterprise Service Management","Developer Tools"],"flow_params":[],"project_params":[],"recipeVersion":1,"flow":{"_id":"5e46f2f7e7d6e2001ab98d81","configurations":{"debugger":true,"auto_connect":true,"live_visualization":true,"container_size":256,"canvas_settings":{"zoom":0.8,"top":-8532,"left":-8051.5},"is_webhook":true,"is_webhook_auth":false,"params":[]},"trigger":{"active":false,"icon":"","handlers":[]},"draft":false,"flow_version":2,"activity_icons":["com.softwareag.cloudstreams.servicenow_kingston","sync-webhook"],"transform":[],"name":"GetIncidents","project_uid":"fl488e98aad2e1cbad5c150d","tenant_uid":"fl94e0ac843c65d1a8918eb5","action_schema":[{"id":"stop","type":"stop","label":"Stop","position":{"x":950.3299999999999,"y":200},"category":"special","help":"End point of Flow","next":null,"prev":["c0"],"output":[]},{"id":"start","type":"start","label":"Start","position":{"x":150,"y":200},"category":"special","help":"Start point of Flow","next":["c2"],"prev":null,"output":[],"start":true,"original_label":"Start"},{"category":"default","published":false,"hide_settings":false,"marketing_category":[],"uid":"act5b9c11c345c41102bf02a5","name":"condition","input":"{\"title\":\"Condition Activity\",\"description\":\"Only flow continue when\",\"type\":\"object\",\"properties\":{\"or\":{\"type\":\"array\",\"title\":\"Conditions\",\"items\":{\"type\":\"object\",\"title\":\"Condition\",\"properties\":{\"and\":{\"type\":\"array\",\"title\":\"Filters\",\"items\":{\"type\":\"object\",\"title\":\"Filter\",\"format\":\"table\",\"properties\":{\"input\":{\"type\":\"string\",\"title\":\"Input\",\"minLength\":1},\"operator\":{\"title\":\"Condition\",\"description\":\"Select proper condition\",\"type\":\"string\",\"enum\":[\"(Text) Matches\",\"(Text) Exactly Matches\",\"(Text) Does Not Match\",\"(Text) Does Not Exactly Match\",\"(Text) Contains\",\"(Text) Does Not Contain\",\"(Text) Starts With\",\"(Text) Does Not Start With\",\"(Text) Ends With\",\"(Text) Does Not End With\",\"(Text) Is Alphanumeric\",\"(Text) Is Empty\",\"(Number) Equals\",\"(Number) Not Equals\",\"(Number) Greater Than\",\"(Number) Greater Than Equals\",\"(Number) Less Than\",\"(Number) Less Than Equals\",\"(Number) Is Negative\",\"(Number) Is Positive\",\"(Date/Time) Equals\",\"(Date/Time) Less Than\",\"(Date/Time) Less Than Equals\",\"(Date/Time) Greater Than\",\"(Date/Time) Greater Than Equals\",\"(Array) Length Equals\",\"(Array) Length Does Not Equals\",\"(Array) Length Less Than\",\"(Array) Length Less Than Equals\",\"(Array) Length Greater Than\",\"(Array) Length Greater Than Equals\",\"(Array) Is Empty\",\"(Array) Contains All Object\",\"(Array) Contains All String\",\"(Array) Contains All Number\",\"(Array) Contains All Object And Has This Property\",\"(Object) Has Property\",\"(Object) Does Not Have Property\",\"(Object) Is Empty\",\"(Regex) Match Pattern\",\"(Boolean) Is Value True\",\"(Boolean) Is Value False\",\"(Input) Exists\",\"(Input) Does Not Exist\",\"(Input) Is Null\",\"(Input) Is String\",\"(Input) Is Number\",\"(Input) Is Date\",\"(Input) Is An Array\",\"(Input) Is An Object\",\"(Input) Is Boolean\",\"(Input) Data Type Is\"]},\"expected\":{\"type\":\"string\",\"title\":\"Expected\",\"description\":\"Enter the value you want to compare against the value given in the Input field for the specified condition. By default, the value of this field is set to true for all conditions starting with ‘Is’.\"}}}}}}}}}","output":"{\"title\":\"output\",\"type\":\"object\",\"properties\":{\"fields\":{\"type\":\"array\",\"title\":\"fields\",\"items\":{\"type\":\"object\"}},\"error\":{\"type\":\"string\",\"title\":\"error\"}}}","usage":{"html":"Allows you to check conditions.","link":{"title":"Help","href":"https://flowdocs.built.io/concepts/conditions"}},"version":"v3","icon":"condition","act_type":"default","title":"Condition","provider":"Internal Only","next":["stop"],"prev":["a0"],"id":"c0","type":"condition","label":"condition","datsetConnectionDetachableition":{},"json":"{\"title\":\"Condition Activity\",\"description\":\"Only flow continue when\",\"type\":\"object\",\"properties\":{\"or\":{\"type\":\"array\",\"title\":\"Conditions\",\"items\":{\"type\":\"object\",\"title\":\"Condition\",\"properties\":{\"and\":{\"type\":\"array\",\"title\":\"Filters\",\"items\":{\"type\":\"object\",\"title\":\"Filter\",\"format\":\"table\",\"properties\":{\"input\":{\"type\":\"string\",\"title\":\"Input\",\"minLength\":1},\"operator\":{\"title\":\"Condition\",\"description\":\"Select proper condition\",\"type\":\"string\",\"enum\":[\"(Text) Matches\",\"(Text) Exactly Matches\",\"(Text) Does Not Match\",\"(Text) Does Not Exactly Match\",\"(Text) Contains\",\"(Text) Does Not Contain\",\"(Text) Starts With\",\"(Text) Does Not Start With\",\"(Text) Ends With\",\"(Text) Does Not End With\",\"(Text) Is Alphanumeric\",\"(Text) Is Empty\",\"(Number) Equals\",\"(Number) Not Equals\",\"(Number) Greater Than\",\"(Number) Greater Than Equals\",\"(Number) Less Than\",\"(Number) Less Than Equals\",\"(Number) Is Negative\",\"(Number) Is Positive\",\"(Date/Time) Equals\",\"(Date/Time) Less Than\",\"(Date/Time) Less Than Equals\",\"(Date/Time) Greater Than\",\"(Date/Time) Greater Than Equals\",\"(Array) Length Equals\",\"(Array) Length Does Not Equals\",\"(Array) Length Less Than\",\"(Array) Length Less Than Equals\",\"(Array) Length Greater Than\",\"(Array) Length Greater Than Equals\",\"(Array) Is Empty\",\"(Array) Contains All Object\",\"(Array) Contains All String\",\"(Array) Contains All Number\",\"(Array) Contains All Object And Has This Property\",\"(Object) Has Property\",\"(Object) Does Not Have Property\",\"(Object) Is Empty\",\"(Regex) Match Pattern\",\"(Boolean) Is Value True\",\"(Boolean) Is Value False\",\"(Input) Exists\",\"(Input) Does Not Exist\",\"(Input) Is Null\",\"(Input) Is String\",\"(Input) Is Number\",\"(Input) Is Date\",\"(Input) Is An Array\",\"(Input) Is An Object\",\"(Input) Is Boolean\",\"(Input) Data Type Is\"]},\"expected\":{\"type\":\"string\",\"title\":\"Expected\",\"description\":\"Enter the value you want to compare against the value given in the Input field for the specified condition. By default, the value of this field is set to true for all conditions starting with ‘Is’.\"}}}}}}}}}"},{"category":"default","published":false,"hide_settings":false,"marketing_category":[],"uid":"act5b9c11c345c41102bf02a5","name":"condition","input":"{\"title\":\"Condition Activity\",\"description\":\"Only flow continue when\",\"type\":\"object\",\"properties\":{\"or\":{\"type\":\"array\",\"title\":\"Conditions\",\"items\":{\"type\":\"object\",\"title\":\"Condition\",\"properties\":{\"and\":{\"type\":\"array\",\"title\":\"Filters\",\"items\":{\"type\":\"object\",\"title\":\"Filter\",\"format\":\"table\",\"properties\":{\"input\":{\"type\":\"string\",\"title\":\"Input\",\"minLength\":1},\"operator\":{\"title\":\"Condition\",\"description\":\"Select proper condition\",\"type\":\"string\",\"enum\":[\"(Text) Matches\",\"(Text) Exactly Matches\",\"(Text) Does Not Match\",\"(Text) Does Not Exactly Match\",\"(Text) Contains\",\"(Text) Does Not Contain\",\"(Text) Starts With\",\"(Text) Does Not Start With\",\"(Text) Ends With\",\"(Text) Does Not End With\",\"(Text) Is Alphanumeric\",\"(Text) Is Empty\",\"(Number) Equals\",\"(Number) Not Equals\",\"(Number) Greater Than\",\"(Number) Greater Than Equals\",\"(Number) Less Than\",\"(Number) Less Than Equals\",\"(Number) Is Negative\",\"(Number) Is Positive\",\"(Date/Time) Equals\",\"(Date/Time) Less Than\",\"(Date/Time) Less Than Equals\",\"(Date/Time) Greater Than\",\"(Date/Time) Greater Than Equals\",\"(Array) Length Equals\",\"(Array) Length Does Not Equals\",\"(Array) Length Less Than\",\"(Array) Length Less Than Equals\",\"(Array) Length Greater Than\",\"(Array) Length Greater Than Equals\",\"(Array) Is Empty\",\"(Array) Contains All Object\",\"(Array) Contains All String\",\"(Array) Contains All Number\",\"(Array) Contains All Object And Has This Property\",\"(Object) Has Property\",\"(Object) Does Not Have Property\",\"(Object) Is Empty\",\"(Regex) Match Pattern\",\"(Boolean) Is Value True\",\"(Boolean) Is Value False\",\"(Input) Exists\",\"(Input) Does Not Exist\",\"(Input) Is Null\",\"(Input) Is String\",\"(Input) Is Number\",\"(Input) Is Date\",\"(Input) Is An Array\",\"(Input) Is An Object\",\"(Input) Is Boolean\",\"(Input) Data Type Is\"]},\"expected\":{\"type\":\"string\",\"title\":\"Expected\",\"description\":\"Enter the value you want to compare against the value given in the Input field for the specified condition. By default, the value of this field is set to true for all conditions starting with ‘Is’.\"}}}}}}}}}","output":"{\"title\":\"output\",\"type\":\"object\",\"properties\":{\"fields\":{\"type\":\"array\",\"title\":\"fields\",\"items\":{\"type\":\"object\"}},\"error\":{\"type\":\"string\",\"title\":\"error\"}}}","usage":{"html":"Allows you to check conditions.","link":{"title":"Help","href":"https://flowdocs.built.io/concepts/conditions"}},"version":"v3","icon":"condition","act_type":"default","title":"Condition","provider":"Internal Only","next":["a1"],"prev":["start"],"id":"c2","type":"condition","label":"condition","datsetConnectionDetachableition":{},"json":"{\"title\":\"Condition Activity\",\"description\":\"Only flow continue when\",\"type\":\"object\",\"properties\":{\"or\":{\"type\":\"array\",\"title\":\"Conditions\",\"items\":{\"type\":\"object\",\"title\":\"Condition\",\"properties\":{\"and\":{\"type\":\"array\",\"title\":\"Filters\",\"items\":{\"type\":\"object\",\"title\":\"Filter\",\"format\":\"table\",\"properties\":{\"input\":{\"type\":\"string\",\"title\":\"Input\",\"minLength\":1},\"operator\":{\"title\":\"Condition\",\"description\":\"Select proper condition\",\"type\":\"string\",\"enum\":[\"(Text) Matches\",\"(Text) Exactly Matches\",\"(Text) Does Not Match\",\"(Text) Does Not Exactly Match\",\"(Text) Contains\",\"(Text) Does Not Contain\",\"(Text) Starts With\",\"(Text) Does Not Start With\",\"(Text) Ends With\",\"(Text) Does Not End With\",\"(Text) Is Alphanumeric\",\"(Text) Is Empty\",\"(Number) Equals\",\"(Number) Not Equals\",\"(Number) Greater Than\",\"(Number) Greater Than Equals\",\"(Number) Less Than\",\"(Number) Less Than Equals\",\"(Number) Is Negative\",\"(Number) Is Positive\",\"(Date/Time) Equals\",\"(Date/Time) Less Than\",\"(Date/Time) Less Than Equals\",\"(Date/Time) Greater Than\",\"(Date/Time) Greater Than Equals\",\"(Array) Length Equals\",\"(Array) Length Does Not Equals\",\"(Array) Length Less Than\",\"(Array) Length Less Than Equals\",\"(Array) Length Greater Than\",\"(Array) Length Greater Than Equals\",\"(Array) Is Empty\",\"(Array) Contains All Object\",\"(Array) Contains All String\",\"(Array) Contains All Number\",\"(Array) Contains All Object And Has This Property\",\"(Object) Has Property\",\"(Object) Does Not Have Property\",\"(Object) Is Empty\",\"(Regex) Match Pattern\",\"(Boolean) Is Value True\",\"(Boolean) Is Value False\",\"(Input) Exists\",\"(Input) Does Not Exist\",\"(Input) Is Null\",\"(Input) Is String\",\"(Input) Is Number\",\"(Input) Is Date\",\"(Input) Is An Array\",\"(Input) Is An Object\",\"(Input) Is Boolean\",\"(Input) Data Type Is\"]},\"expected\":{\"type\":\"string\",\"title\":\"Expected\",\"description\":\"Enter the value you want to compare against the value given in the Input field for the specified condition. By default, the value of this field is set to true for all conditions starting with ‘Is’.\"}}}}}}}}}"},{"category":"default","published":false,"hide_settings":false,"marketing_category":[],"uid":"act5b9c11c345c41102bf02a5","name":"condition","input":"{\"title\":\"Condition Activity\",\"description\":\"Only flow continue when\",\"type\":\"object\",\"properties\":{\"or\":{\"type\":\"array\",\"title\":\"Conditions\",\"items\":{\"type\":\"object\",\"title\":\"Condition\",\"properties\":{\"and\":{\"type\":\"array\",\"title\":\"Filters\",\"items\":{\"type\":\"object\",\"title\":\"Filter\",\"format\":\"table\",\"properties\":{\"input\":{\"type\":\"string\",\"title\":\"Input\",\"minLength\":1},\"operator\":{\"title\":\"Condition\",\"description\":\"Select proper condition\",\"type\":\"string\",\"enum\":[\"(Text) Matches\",\"(Text) Exactly Matches\",\"(Text) Does Not Match\",\"(Text) Does Not Exactly Match\",\"(Text) Contains\",\"(Text) Does Not Contain\",\"(Text) Starts With\",\"(Text) Does Not Start With\",\"(Text) Ends With\",\"(Text) Does Not End With\",\"(Text) Is Alphanumeric\",\"(Text) Is Empty\",\"(Number) Equals\",\"(Number) Not Equals\",\"(Number) Greater Than\",\"(Number) Greater Than Equals\",\"(Number) Less Than\",\"(Number) Less Than Equals\",\"(Number) Is Negative\",\"(Number) Is Positive\",\"(Date/Time) Equals\",\"(Date/Time) Less Than\",\"(Date/Time) Less Than Equals\",\"(Date/Time) Greater Than\",\"(Date/Time) Greater Than Equals\",\"(Array) Length Equals\",\"(Array) Length Does Not Equals\",\"(Array) Length Less Than\",\"(Array) Length Less Than Equals\",\"(Array) Length Greater Than\",\"(Array) Length Greater Than Equals\",\"(Array) Is Empty\",\"(Array) Contains All Object\",\"(Array) Contains All String\",\"(Array) Contains All Number\",\"(Array) Contains All Object And Has This Property\",\"(Object) Has Property\",\"(Object) Does Not Have Property\",\"(Object) Is Empty\",\"(Regex) Match Pattern\",\"(Boolean) Is Value True\",\"(Boolean) Is Value False\",\"(Input) Exists\",\"(Input) Does Not Exist\",\"(Input) Is Null\",\"(Input) Is String\",\"(Input) Is Number\",\"(Input) Is Date\",\"(Input) Is An Array\",\"(Input) Is An Object\",\"(Input) Is Boolean\",\"(Input) Data Type Is\"]},\"expected\":{\"type\":\"string\",\"title\":\"Expected\",\"description\":\"Enter the value you want to compare against the value given in the Input field for the specified condition. By default, the value of this field is set to true for all conditions starting with ‘Is’.\"}}}}}}}}}","output":"{\"title\":\"output\",\"type\":\"object\",\"properties\":{\"fields\":{\"type\":\"array\",\"title\":\"fields\",\"items\":{\"type\":\"object\"}},\"error\":{\"type\":\"string\",\"title\":\"error\"}}}","usage":{"html":"Allows you to check conditions.","link":{"title":"Help","href":"https://flowdocs.built.io/concepts/conditions"}},"version":"v3","icon":"condition","act_type":"default","title":"Condition","provider":"Internal Only","next":["a0"],"prev":["a1"],"id":"c3","type":"condition","label":"condition","datsetConnectionDetachableition":{},"json":"{\"title\":\"Condition Activity\",\"description\":\"Only flow continue when\",\"type\":\"object\",\"properties\":{\"or\":{\"type\":\"array\",\"title\":\"Conditions\",\"items\":{\"type\":\"object\",\"title\":\"Condition\",\"properties\":{\"and\":{\"type\":\"array\",\"title\":\"Filters\",\"items\":{\"type\":\"object\",\"title\":\"Filter\",\"format\":\"table\",\"properties\":{\"input\":{\"type\":\"string\",\"title\":\"Input\",\"minLength\":1},\"operator\":{\"title\":\"Condition\",\"description\":\"Select proper condition\",\"type\":\"string\",\"enum\":[\"(Text) Matches\",\"(Text) Exactly Matches\",\"(Text) Does Not Match\",\"(Text) Does Not Exactly Match\",\"(Text) Contains\",\"(Text) Does Not Contain\",\"(Text) Starts With\",\"(Text) Does Not Start With\",\"(Text) Ends With\",\"(Text) Does Not End With\",\"(Text) Is Alphanumeric\",\"(Text) Is Empty\",\"(Number) Equals\",\"(Number) Not Equals\",\"(Number) Greater Than\",\"(Number) Greater Than Equals\",\"(Number) Less Than\",\"(Number) Less Than Equals\",\"(Number) Is Negative\",\"(Number) Is Positive\",\"(Date/Time) Equals\",\"(Date/Time) Less Than\",\"(Date/Time) Less Than Equals\",\"(Date/Time) Greater Than\",\"(Date/Time) Greater Than Equals\",\"(Array) Length Equals\",\"(Array) Length Does Not Equals\",\"(Array) Length Less Than\",\"(Array) Length Less Than Equals\",\"(Array) Length Greater Than\",\"(Array) Length Greater Than Equals\",\"(Array) Is Empty\",\"(Array) Contains All Object\",\"(Array) Contains All String\",\"(Array) Contains All Number\",\"(Array) Contains All Object And Has This Property\",\"(Object) Has Property\",\"(Object) Does Not Have Property\",\"(Object) Is Empty\",\"(Regex) Match Pattern\",\"(Boolean) Is Value True\",\"(Boolean) Is Value False\",\"(Input) Exists\",\"(Input) Does Not Exist\",\"(Input) Is Null\",\"(Input) Is String\",\"(Input) Is Number\",\"(Input) Is Date\",\"(Input) Is An Array\",\"(Input) Is An Object\",\"(Input) Is Boolean\",\"(Input) Data Type Is\"]},\"expected\":{\"type\":\"string\",\"title\":\"Expected\",\"description\":\"Enter the value you want to compare against the value given in the Input field for the specified condition. By default, the value of this field is set to true for all conditions starting with ‘Is’.\"}}}}}}}}}"},{"label":"listIncidents","usage":{},"icon":"com.softwareag.cloudstreams.servicenow_kingston","act_type":"default","provider":"ServiceNow Enterprise Service Management","category":"service","source":"cloudstream","cloudstream":{"connector_detail":{"id":"com.softwareag.cloudstreams.servicenow_kingston","name":"ServiceNow Enterprise Service Management","version":"Kingston","packageName":"WmServiceNowProvider","allowCustomOperations":"true","latest":true,"hasMultipleVersions":true,"description":"ServiceNow offers enterprise service management for human resources, law, facilities management, finance, marketing, and field operations using the ServiceNow API version Kingston.","type":"REST","providerName":"WmServiceNowProvider","allowDeleteApplication":false,"allowUpdateApplication":false},"operation":{"operationName":"listIncidents","isCustom":"false","description":"Retrieves multiple records from the Incident table with proper pagination information.","operationType":"triggers","connectionType":"sagcloud"}},"version":"Kingston","id":"a1","prev":["c2"],"next":["c3"],"position":{"x":335.75,"y":188.25},"input":"{\"type\":\"object\",\"title\":\"listIncidents\",\"properties\":{\"sysparm_query\":{\"type\":\"string\",\"sub_type\":\"string\",\"title\":\"sysparm_query\"},\"sysparm_display_value\":{\"type\":\"string\",\"sub_type\":\"string\",\"title\":\"sysparm_display_value\"},\"sysparm_suppress_pagination_header\":{\"type\":\"string\",\"sub_type\":\"string\",\"title\":\"sysparm_suppress_pagination_header\"},\"sysparm_view\":{\"type\":\"string\",\"sub_type\":\"string\",\"title\":\"sysparm_view\"},\"$internal\":{\"type\":\"object\",\"sub_type\":\"record\",\"title\":\"$internal\",\"properties\":{\"hasMore\":{\"type\":\"string\",\"sub_type\":\"string\",\"enum\":[\"\",\"false\",\"true\"],\"enumNames\":[\"Select options\",\"false\",\"true\"],\"title\":\"hasMore\"},\"startIndex\":{\"type\":\"string\",\"sub_type\":\"string\",\"title\":\"startIndex\"}}},\"auth\":{\"connection\":\"com.softwareag.cloudstreams.servicenow_kingston-sagcloud\",\"minLength\":1,\"propertyOrder\":1,\"type\":\"string\",\"title\":\"Connect to ServiceNow Enterprise Service Management\",\"__fieldId\":\"auth\"}}}","output":"{\"type\":\"object\",\"title\":\"output\",\"properties\":{\"incident\":{\"type\":\"array\",\"sub_type\":\"array\",\"title\":\"incident\",\"items\":{\"type\":\"object\",\"sub_type\":\"record\",\"title\":\"incident\",\"properties\":{\"active\":{\"type\":\"string\",\"sub_type\":\"string\",\"title\":\"active\"},\"activity_due\":{\"type\":\"string\",\"sub_type\":\"string\",\"title\":\"activity_due\"},\"additional_assignee_list\":{\"type\":\"string\",\"sub_type\":\"string\",\"title\":\"additional_assignee_list\"},\"approval\":{\"type\":\"string\",\"sub_type\":\"string\",\"title\":\"approval\"},\"approval_history\":{\"type\":\"string\",\"sub_type\":\"string\",\"title\":\"approval_history\"},\"approval_set\":{\"type\":\"string\",\"sub_type\":\"string\",\"title\":\"approval_set\"},\"assigned_to\":{\"type\":\"string\",\"sub_type\":\"string\",\"title\":\"assigned_to\"},\"assignment_group\":{\"type\":\"string\",\"sub_type\":\"string\",\"title\":\"assignment_group\"},\"business_duration\":{\"type\":\"string\",\"sub_type\":\"string\",\"title\":\"business_duration\"},\"business_service\":{\"type\":\"string\",\"sub_type\":\"string\",\"title\":\"business_service\"},\"business_stc\":{\"type\":\"string\",\"sub_type\":\"string\",\"title\":\"business_stc\"},\"calendar_duration\":{\"type\":\"string\",\"sub_type\":\"string\",\"title\":\"calendar_duration\"},\"calendar_stc\":{\"type\":\"string\",\"sub_type\":\"string\",\"title\":\"calendar_stc\"},\"caller_id\":{\"type\":\"string\",\"sub_type\":\"string\",\"title\":\"caller_id\"},\"category\":{\"type\":\"string\",\"sub_type\":\"string\",\"title\":\"category\"},\"caused_by\":{\"type\":\"string\",\"sub_type\":\"string\",\"title\":\"caused_by\"},\"child_incidents\":{\"type\":\"string\",\"sub_type\":\"string\",\"title\":\"child_incidents\"},\"close_code\":{\"type\":\"string\",\"sub_type\":\"string\",\"title\":\"close_code\"},\"close_notes\":{\"type\":\"string\",\"sub_type\":\"string\",\"title\":\"close_notes\"},\"closed_at\":{\"type\":\"string\",\"sub_type\":\"string\",\"title\":\"closed_at\"},\"closed_by\":{\"type\":\"string\",\"sub_type\":\"string\",\"title\":\"closed_by\"},\"cmdb_ci\":{\"type\":\"string\",\"sub_type\":\"string\",\"title\":\"cmdb_ci\"},\"comments\":{\"type\":\"string\",\"sub_type\":\"string\",\"title\":\"comments\"},\"comments_and_work_notes\":{\"type\":\"string\",\"sub_type\":\"string\",\"title\":\"comments_and_work_notes\"},\"company\":{\"type\":\"string\",\"sub_type\":\"string\",\"title\":\"company\"},\"contact_type\":{\"type\":\"string\",\"sub_type\":\"string\",\"title\":\"contact_type\"},\"correlation_display\":{\"type\":\"string\",\"sub_type\":\"string\",\"title\":\"correlation_display\"},\"correlation_id\":{\"type\":\"string\",\"sub_type\":\"string\",\"title\":\"correlation_id\"},\"delivery_plan\":{\"type\":\"string\",\"sub_type\":\"string\",\"title\":\"delivery_plan\"},\"delivery_task\":{\"type\":\"string\",\"sub_type\":\"string\",\"title\":\"delivery_task\"},\"description\":{\"type\":\"string\",\"sub_type\":\"string\",\"title\":\"description\"},\"due_date\":{\"type\":\"string\",\"sub_type\":\"string\",\"title\":\"due_date\"},\"escalation\":{\"type\":\"string\",\"sub_type\":\"string\",\"title\":\"escalation\"},\"expected_start\":{\"type\":\"string\",\"sub_type\":\"string\",\"title\":\"expected_start\"},\"follow_up\":{\"type\":\"string\",\"sub_type\":\"string\",\"title\":\"follow_up\"},\"group_list\":{\"type\":\"string\",\"sub_type\":\"string\",\"title\":\"group_list\"},\"hold_reason\":{\"type\":\"string\",\"sub_type\":\"string\",\"title\":\"hold_reason\"},\"impact\":{\"type\":\"string\",\"sub_type\":\"string\",\"title\":\"impact\"},\"incident_state\":{\"type\":\"string\",\"sub_type\":\"string\",\"title\":\"incident_state\"},\"knowledge\":{\"type\":\"string\",\"sub_type\":\"string\",\"title\":\"knowledge\"},\"location\":{\"type\":\"string\",\"sub_type\":\"string\",\"title\":\"location\"},\"made_sla\":{\"type\":\"string\",\"sub_type\":\"string\",\"title\":\"made_sla\"},\"notify\":{\"type\":\"string\",\"sub_type\":\"string\",\"title\":\"notify\"},\"number\":{\"type\":\"string\",\"sub_type\":\"string\",\"title\":\"number\"},\"opened_at\":{\"type\":\"string\",\"sub_type\":\"string\",\"title\":\"opened_at\"},\"opened_by\":{\"type\":\"string\",\"sub_type\":\"string\",\"title\":\"opened_by\"},\"order\":{\"type\":\"string\",\"sub_type\":\"string\",\"title\":\"order\"},\"parent\":{\"type\":\"string\",\"sub_type\":\"string\",\"title\":\"parent\"},\"parent_incident\":{\"type\":\"string\",\"sub_type\":\"string\",\"title\":\"parent_incident\"},\"priority\":{\"type\":\"string\",\"sub_type\":\"string\",\"title\":\"priority\"},\"problem_id\":{\"type\":\"string\",\"sub_type\":\"string\",\"title\":\"problem_id\"},\"reassignment_count\":{\"type\":\"string\",\"sub_type\":\"string\",\"title\":\"reassignment_count\"},\"rejection_goto\":{\"type\":\"string\",\"sub_type\":\"string\",\"title\":\"rejection_goto\"},\"reopen_count\":{\"type\":\"string\",\"sub_type\":\"string\",\"title\":\"reopen_count\"},\"reopened_by\":{\"type\":\"string\",\"sub_type\":\"string\",\"title\":\"reopened_by\"},\"reopened_time\":{\"type\":\"string\",\"sub_type\":\"string\",\"title\":\"reopened_time\"},\"resolved_at\":{\"type\":\"string\",\"sub_type\":\"string\",\"title\":\"resolved_at\"},\"resolved_by\":{\"type\":\"string\",\"sub_type\":\"string\",\"title\":\"resolved_by\"},\"rfc\":{\"type\":\"string\",\"sub_type\":\"string\",\"title\":\"rfc\"},\"severity\":{\"type\":\"string\",\"sub_type\":\"string\",\"title\":\"severity\"},\"short_description\":{\"type\":\"string\",\"sub_type\":\"string\",\"title\":\"short_description\"},\"sla_due\":{\"type\":\"string\",\"sub_type\":\"string\",\"title\":\"sla_due\"},\"state\":{\"type\":\"string\",\"sub_type\":\"string\",\"title\":\"state\"},\"subcategory\":{\"type\":\"string\",\"sub_type\":\"string\",\"title\":\"subcategory\"},\"sys_class_name\":{\"type\":\"string\",\"sub_type\":\"string\",\"title\":\"sys_class_name\"},\"sys_created_by\":{\"type\":\"string\",\"sub_type\":\"string\",\"title\":\"sys_created_by\"},\"sys_created_on\":{\"type\":\"string\",\"sub_type\":\"string\",\"title\":\"sys_created_on\"},\"sys_domain\":{\"type\":\"string\",\"sub_type\":\"string\",\"title\":\"sys_domain\"},\"sys_domain_path\":{\"type\":\"string\",\"sub_type\":\"string\",\"title\":\"sys_domain_path\"},\"sys_id\":{\"type\":\"string\",\"sub_type\":\"string\",\"title\":\"sys_id\"},\"sys_mod_count\":{\"type\":\"string\",\"sub_type\":\"string\",\"title\":\"sys_mod_count\"},\"sys_updated_by\":{\"type\":\"string\",\"sub_type\":\"string\",\"title\":\"sys_updated_by\"},\"sys_updated_on\":{\"type\":\"string\",\"sub_type\":\"string\",\"title\":\"sys_updated_on\"},\"time_worked\":{\"type\":\"string\",\"sub_type\":\"string\",\"title\":\"time_worked\"},\"upon_approval\":{\"type\":\"string\",\"sub_type\":\"string\",\"title\":\"upon_approval\"},\"upon_reject\":{\"type\":\"string\",\"sub_type\":\"string\",\"title\":\"upon_reject\"},\"urgency\":{\"type\":\"string\",\"sub_type\":\"string\",\"title\":\"urgency\"},\"user_input\":{\"type\":\"string\",\"sub_type\":\"string\",\"title\":\"user_input\"},\"variables\":{\"type\":\"string\",\"sub_type\":\"string\",\"title\":\"variables\"},\"watch_list\":{\"type\":\"string\",\"sub_type\":\"string\",\"title\":\"watch_list\"},\"wf_activity\":{\"type\":\"string\",\"sub_type\":\"string\",\"title\":\"wf_activity\"},\"work_end\":{\"type\":\"string\",\"sub_type\":\"string\",\"title\":\"work_end\"},\"work_notes\":{\"type\":\"string\",\"sub_type\":\"string\",\"title\":\"work_notes\"},\"work_notes_list\":{\"type\":\"string\",\"sub_type\":\"string\",\"title\":\"work_notes_list\"},\"work_start\":{\"type\":\"string\",\"sub_type\":\"string\",\"title\":\"work_start\"}},\"minLength\":1},\"minLength\":1},\"$internal\":{\"type\":\"object\",\"sub_type\":\"record\",\"title\":\"$internal\",\"properties\":{\"hasMore\":{\"type\":\"string\",\"sub_type\":\"string\",\"enum\":[\"\",\"false\",\"true\"],\"enumNames\":[\"Select options\",\"false\",\"true\"],\"title\":\"hasMore\"},\"startIndex\":{\"type\":\"string\",\"sub_type\":\"string\",\"title\":\"startIndex\"}}}}}","name":"listIncidents","type":"listIncidents","hasError":false},{"category":"utilities","published":true,"hide_settings":false,"marketing_category":["developer"],"uid":"actaf16e4ac7a0ee67d6a94ce0765f3154b1962","input":"{\"title\":\"Return Data on Sync Webhook\",\"type\":\"object\",\"properties\":{\"headers\":{\"type\":\"array\",\"title\":\"Response Headers\",\"items\":{\"type\":\"object\",\"title\":\"Header\",\"format\":\"grid\",\"properties\":{\"name\":{\"title\":\"Header Name\",\"type\":\"string\",\"minLength\":1},\"value\":{\"title\":\"Header Value\",\"type\":\"string\",\"minLength\":1}}}},\"data\":{\"type\":\"string\",\"format\":\"textarea\",\"title\":\"Response Data\",\"description\":\"set response data\",\"minLength\":1},\"__statuscode\":{\"type\":\"string\",\"title\":\"Status Code\",\"description\":\"set status code you want to send in response\",\"default\":\"200\",\"minLength\":1},\"content_type\":{\"type\":\"string\",\"title\":\"Content Type\",\"description\":\"select response content type or set none if you want to set content type from header or dont want to send it\",\"enum\":[\"text/plain\",\"application/json\",\"application/xml\",\"application/atom+xml\",\"text/css\",\"text/csv\",\"text/html\",\"text/javascript\",\"text/markdown\",\"text/xml\"],\"minLength\":1}}}","name":"devtools-sync-webhook","output":"{\"title\":\"Return Data on Sync Webhook\",\"type\":\"object\",\"properties\":{\"data\":{\"type\":\"string\",\"title\":\"data\",\"displayTitle\":\"Return On Sync Webhook Data\"},\"status\":{\"type\":\"string\",\"title\":\"status\",\"displayTitle\":\"Return On Sync Webhook Status\"}},\"displayTitle\":\"Return Data On Sync Webhook\"}","usage":{"link":{"title":"Doc link","href":"/connectors/connector-bundle/developer-c/#co-developer_tools"},"html":"Send response to client"},"version":"v3","icon":"sync-webhook","act_type":"default","title":"Return Data on Sync Webhook","provider":"Developer Tools","position":{"x":666.75,"y":200.5},"type":"devtools-sync-webhook","id":"a0","label":"Return Data on Sync Webhook","prev":["c3"],"next":["c0"],"hasError":false,"original_label":"Return Data on Sync Webhook"}],"uid":"fl947a2e14c1060f6d780f0a","refid":"1onWIPZAoQ","features":{"retry":{"enable":false,"max_attempts":3},"checkpoint":{"enable":false}},"mask":{"input":{"a0":[]},"output":{"a0":[]}},"description":"","tags":[],"webhook_settings":{"auth_type":"user_token","webhook_auth":{"type":"basic","auth":{"user_name":"","password":""}},"webhook_token":{"type":"authtoken","auth":{"token":""}},"show_auth":false,"url_execution":true},"config_data":[{"embed":false,"activity_id":"start","flow_version":2},{"embed":false,"action_data":{"or":[]},"activity_id":"c3","type":"action_data","flow_version":2},{"embed":false,"action_data":{"or":[]},"activity_id":"c2","type":"action_data","flow_version":2},{"embed":false,"action_data":{"or":[]},"activity_id":"c0","type":"action_data","flow_version":2},{"embed":false,"action_data":{"auth":"{{$config.connection.uconnd237ac198002a51b02faff1bbfa1d845543eeb10.handle}}","_connection":"{{$config.connection.uconnd237ac198002a51b02faff1bbfa1d845543eeb10}}","$input_expre$$ion":[]},"activity_id":"a1","source":"cloudstream","name":"listIncidents","type":"action_data","flow_version":2},{"embed":false,"action_data":{"headers":[],"data":"{{$a1.incident}}","__statuscode":"200","content_type":"text/plain","$input_expre$$ion":[],"$lookup_label$$":{}},"activity_id":"a0","name":"devtools-sync-webhook","type":"action_data","flow_version":2},{"embed":false,"type":"connection","activity_id":"a1","action":"listIncidents","service":"ServiceNow Enterprise Service Management","provider":"com.softwareag.cloudstreams.servicenow_kingston-sagcloud","version":"Kingston","name":"ServiceNowOrlando","source":"cloudstream","connection":"uconnd237ac198002a51b02faff1bbfa1d845543eeb10","flow_version":2}],"custom_connector":[]}}