[{"assetType":"PolicyAction","assetObject":{"name":"Policy Action [Straight Through Routing] -> Policy For API Accounts[1.0]","id":"eb6d3b73-46b5-4fb9-bf09-e890807c7c64","status":"Success","explanation":"OK","warning":false}},{"assetType":"AccessControlList","assetObject":{"name":"AccessControlList for asset : 52272936-dda9-4d22-a64a-f55df97b3272","id":"7660e880-abd6-4535-8fd9-52d1d43cb455","status":"Success","explanation":"OK","warning":false}},{"assetType":"PolicyAction","assetObject":{"name":"Policy Action [Traffic Optimization] -> 37ee517f-54c5-454e-bb14-5c378531e386","id":"26f93327-f00d-4131-ac62-56620ee3c11a","status":"Success","explanation":"OK","warning":false}},{"assetType":"Team","assetObject":{"name":"Administrators","id":"Administrators","status":"Success","explanation":"OK","warning":false}},{"assetType":"PolicyAction","assetObject":{"name":"Policy Action [Identify & Authorize] -> SFDC Package","id":"bbaaa026-02fa-4ea3-9817-b5efc6338d73","status":"Success","explanation":"OK","warning":false}},{"assetType":"Policy","assetObject":{"name":"SFDC Package","id":"a83da274-d0ca-4df3-87c0-5b07ee446def","status":"Success","explanation":"OK","warning":false}},{"assetType":"Plan","assetObject":{"name":"Premium Plan","id":"d4380f06-43b9-4631-b6ec-28016c84e4d8","status":"Success","explanation":"OK","warning":false}},{"assetType":"Policy","assetObject":{"name":"a1de75a1-6519-49b0-9adf-fc8454b3f3eb","id":"a1de75a1-6519-49b0-9adf-fc8454b3f3eb","status":"Success","explanation":"OK","warning":false}},{"assetType":"PolicyAction","assetObject":{"name":"Policy Action [Traffic Optimization] -> a1de75a1-6519-49b0-9adf-fc8454b3f3eb","id":"926b7b6e-68d6-4fd8-a522-b137e19b5891","status":"Success","explanation":"OK","warning":false}},{"assetType":"Team","assetObject":{"name":"Default","id":"Default","status":"Success","explanation":"OK","warning":false}},{"assetType":"Policy","assetObject":{"name":"0227836c-fc4a-4751-a195-bfafc706e9c8","id":"0227836c-fc4a-4751-a195-bfafc706e9c8","status":"Success","explanation":"OK","warning":false}},{"assetType":"PolicyAction","assetObject":{"name":"Policy Action [Identify & Authorize] -> Policy For API Accounts[1.0]","id":"07001897-6d3b-4fb3-9a18-4413c54e0ed6","status":"Success","explanation":"OK","warning":false}},{"assetType":"AccessControlList","assetObject":{"name":"AccessControlList for asset : d4380f06-43b9-4631-b6ec-28016c84e4d8","id":"a022bf13-93a9-4884-a458-905595a0d470","status":"Success","explanation":"OK","warning":false}},{"assetType":"PolicyAction","assetObject":{"name":"Policy Action [Enable HTTP / HTTPS] -> Policy For API Accounts[1.0]","id":"0f69bd75-9eb2-4111-bff3-a4a3da82aa7b","status":"Success","explanation":"OK","warning":false}},{"assetType":"Policy","assetObject":{"name":"e5609635-6a89-4d6f-b5ca-c8d595862c9e","id":"e5609635-6a89-4d6f-b5ca-c8d595862c9e","status":"Success","explanation":"OK","warning":false}},{"assetType":"Policy","assetObject":{"name":"37ee517f-54c5-454e-bb14-5c378531e386","id":"37ee517f-54c5-454e-bb14-5c378531e386","status":"Success","explanation":"OK","warning":false}},{"assetType":"Plan","assetObject":{"name":"Free Basic Plan","id":"ff64287b-46a1-4966-9193-41c33692eb56","status":"Success","explanation":"OK","warning":false}},{"assetType":"Plan","assetObject":{"name":"Enterprise Plan","id":"714353f9-4273-4286-af6a-431ca75400b6","status":"Success","explanation":"OK","warning":false}},{"assetType":"AccessControlList","assetObject":{"name":"AccessControlList for asset : ff64287b-46a1-4966-9193-41c33692eb56","id":"7603702f-1e12-4f70-85ba-1522b2f4b812","status":"Success","explanation":"OK","warning":false}},{"assetType":"PolicyAction","assetObject":{"name":"Policy Action [Traffic Optimization] -> Policy For API Accounts[1.0]","id":"64dcd6ec-c224-43a9-81bf-5dfbbe68a36f","status":"Success","explanation":"OK","warning":false}},{"assetType":"PolicyAction","assetObject":{"name":"Policy Action [Monitor Performance] -> Policy For API Accounts[1.0]","id":"08cc79a0-5ca0-40ce-b1b9-146227c7ffa7","status":"Success","explanation":"OK","warning":false}},{"assetType":"AccessControlList","assetObject":{"name":"AccessControlList for asset : 714353f9-4273-4286-af6a-431ca75400b6","id":"35ae31b9-7137-451e-97c2-e827dd97ae74","status":"Success","explanation":"OK","warning":false}},{"assetType":"Policy","assetObject":{"name":"Policy For API Accounts[1.0]","id":"1141b3ff-66fd-45d0-9e27-3af4df0de7dd","status":"Success","explanation":"OK","warning":false}},{"assetType":"AccessControlList","assetObject":{"name":"AccessControlList for asset : Accounts","id":"fc62eeb5-2a4c-4438-ad37-f4124a88fcb5","status":"Success","explanation":"OK","warning":false}},{"assetType":"Policy","assetObject":{"name":"46940a22-d6c1-4de5-85f7-c76b49a095d4","id":"46940a22-d6c1-4de5-85f7-c76b49a095d4","status":"Success","explanation":"OK","warning":false}},{"assetType":"PassmanData","assetObject":{"name":"a8d25c98-f19b-47a0-8084-04d364492d1bpassword","id":"a8d25c98-f19b-47a0-8084-04d364492d1bpassword","status":"Success","explanation":"OK","warning":false}},{"assetType":"Policy","assetObject":{"name":"02be9c56-3e62-452a-b587-711153e9847c","id":"02be9c56-3e62-452a-b587-711153e9847c","status":"Success","explanation":"OK","warning":false}},{"assetType":"PolicyAction","assetObject":{"name":"Policy Action [Outbound Auth - Transport] -> Policy For API Accounts[1.0]","id":"a8d25c98-f19b-47a0-8084-04d364492d1b","status":"Success","explanation":"OK","warning":false}},{"assetType":"Package","assetObject":{"name":"SFDC Package [1.0] ","id":"52272936-dda9-4d22-a64a-f55df97b3272","status":"Success","explanation":"OK","warning":false}},{"assetType":"PolicyAction","assetObject":{"name":"Policy Action [Traffic Optimization] -> SFDC Package","id":"9bbdc84f-3e50-489c-bfe6-07e5621f1a5f","status":"Success","explanation":"OK","warning":false}},{"assetType":"API","assetObject":{"name":"Accounts[1.0]","id":"c977e851-7ba4-46c4-bb09-195b36325249","status":"Success","explanation":"OK","warning":false}}]