[{"assetType":"PolicyAction","assetObject":{"name":"Policy Action [Straight Through Routing] -> Policy For API MachineStatusStream[1.0]","id":"d615ca49-01e9-43fa-9da6-d901d213ecf4","status":"Success","explanation":"OK","warning":false}},{"assetType":"Team","assetObject":{"name":"Administrators","id":"Administrators","status":"Success","explanation":"OK","warning":false}},{"assetType":"Team","assetObject":{"name":"Default","id":"Default","status":"Success","explanation":"OK","warning":false}},{"assetType":"PolicyAction","assetObject":{"name":"Policy Action [Log Invocation] -> Policy For API MachineStatusStream[1.0]","id":"998d0405-a7ed-417e-a279-b43156742962","status":"Success","explanation":"OK","warning":false}},{"assetType":"AccessControlList","assetObject":{"name":"AccessControlList for asset : MachineStatusStream","id":"dc8fd681-83f1-4133-a25b-38625e2509e5","status":"Success","explanation":"OK","warning":false}},{"assetType":"Policy","assetObject":{"name":"Policy For API MachineStatusStream[1.0]","id":"4cd3aabd-448a-450c-bf55-8f63ea697ac6","status":"Success","explanation":"OK","warning":false}},{"assetType":"API","assetObject":{"name":"MachineStatusStream[1.0]","id":"53e32e75-0c1a-43c1-af5a-39dc12098330","status":"Success","explanation":"OK","warning":false}}]