{"name":"GetCustomerDetailsById","description":"<p>Retrieve customer details from Salesforce</p>","template_schema":{"type":"object","title":"","properties":{"5a4e3494615f2b13d9c88414d0e42b73":{"connection":"com.softwareag.cloudstreams.salesforce_v44-sagcloud","minLength":1,"propertyOrder":1,"type":"string","title":"Connect to Salesforce CRM","__fieldId":"auth","cloudstream":{"id":"com.softwareag.cloudstreams.salesforce_v44","name":"Salesforce CRM","version":"44","packageName":"WmSalesforceProvider","allowCustomOperations":"true","hasMultipleVersions":true,"latest":true,"description":"Salesforce, using the Partner SOAP API version 44, supports all business objects (for example, Account) and operations including any customizations done on the Salesforce instance. It also supports Salesforce analytics using wave.","type":"SOAP","providerName":"WmSalesforceProvider","allowDeleteApplication":false,"allowUpdateApplication":false,"connectionType":"sagcloud"},"source":"cloudstream","__icon":"com.softwareag.cloudstreams.salesforce_v44","__path":[["kCgSdXw5B","a0","auth"]]}}},"icons":["com.softwareag.cloudstreams.salesforce_v44"],"connectors":["Salesforce CRM"],"flow_params":[],"project_params":[],"recipeVersion":1,"flow":{"_id":"5e4a9c31559bfa001afb39c1","configurations":{"debugger":true,"auto_connect":true,"live_visualization":true,"container_size":256,"canvas_settings":{"zoom":0.8,"top":-8539.5,"left":-8200},"is_webhook":false,"is_webhook_auth":false,"params":[]},"trigger":{"active":false,"handlers":[]},"draft":false,"flow_version":2,"activity_icons":["com.softwareag.cloudstreams.salesforce_v44"],"transform":[],"name":"GetCustomerDetailsById","project_uid":"fl488e98aad2e1cbad5c150d","tenant_uid":"fl94e0ac843c65d1a8918eb5","action_schema":[{"id":"start","type":"start","label":"Start","position":{"x":150,"y":200},"category":"special","help":"Start point of Flow","next":["c0"],"prev":null,"output":[],"start":true},{"id":"stop","type":"stop","label":"Stop","position":{"x":950.3299999999999,"y":200},"category":"special","help":"End point of Flow","next":null,"prev":["c1"],"output":[]},{"category":"default","published":false,"hide_settings":false,"marketing_category":[],"uid":"act5b9c11c345c41102bf02a5","name":"condition","input":"{\"title\":\"Condition Activity\",\"description\":\"Only flow continue when\",\"type\":\"object\",\"properties\":{\"or\":{\"type\":\"array\",\"title\":\"Conditions\",\"items\":{\"type\":\"object\",\"title\":\"Condition\",\"properties\":{\"and\":{\"type\":\"array\",\"title\":\"Filters\",\"items\":{\"type\":\"object\",\"title\":\"Filter\",\"format\":\"table\",\"properties\":{\"input\":{\"type\":\"string\",\"title\":\"Input\",\"minLength\":1},\"operator\":{\"title\":\"Condition\",\"description\":\"Select proper condition\",\"type\":\"string\",\"enum\":[\"(Text) Matches\",\"(Text) Exactly Matches\",\"(Text) Does Not Match\",\"(Text) Does Not Exactly Match\",\"(Text) Contains\",\"(Text) Does Not Contain\",\"(Text) Starts With\",\"(Text) Does Not Start With\",\"(Text) Ends With\",\"(Text) Does Not End With\",\"(Text) Is Alphanumeric\",\"(Text) Is Empty\",\"(Number) Equals\",\"(Number) Not Equals\",\"(Number) Greater Than\",\"(Number) Greater Than Equals\",\"(Number) Less Than\",\"(Number) Less Than Equals\",\"(Number) Is Negative\",\"(Number) Is Positive\",\"(Date/Time) Equals\",\"(Date/Time) Less Than\",\"(Date/Time) Less Than Equals\",\"(Date/Time) Greater Than\",\"(Date/Time) Greater Than Equals\",\"(Array) Length Equals\",\"(Array) Length Does Not Equals\",\"(Array) Length Less Than\",\"(Array) Length Less Than Equals\",\"(Array) Length Greater Than\",\"(Array) Length Greater Than Equals\",\"(Array) Is Empty\",\"(Array) Contains All Object\",\"(Array) Contains All String\",\"(Array) Contains All Number\",\"(Array) Contains All Object And Has This Property\",\"(Object) Has Property\",\"(Object) Does Not Have Property\",\"(Object) Is Empty\",\"(Regex) Match Pattern\",\"(Boolean) Is Value True\",\"(Boolean) Is Value False\",\"(Input) Exists\",\"(Input) Does Not Exist\",\"(Input) Is Null\",\"(Input) Is String\",\"(Input) Is Number\",\"(Input) Is Date\",\"(Input) Is An Array\",\"(Input) Is An Object\",\"(Input) Is Boolean\",\"(Input) Data Type Is\"]},\"expected\":{\"type\":\"string\",\"title\":\"Expected\",\"description\":\"Enter the value you want to compare against the value given in the Input field for the specified condition. By default, the value of this field is set to true for all conditions starting with ‘Is’.\"}}}}}}}}}","output":"{\"title\":\"output\",\"type\":\"object\",\"properties\":{\"fields\":{\"type\":\"array\",\"title\":\"fields\",\"items\":{\"type\":\"object\"}},\"error\":{\"type\":\"string\",\"title\":\"error\"}}}","usage":{"html":"Allows you to check conditions.","link":{"title":"Help","href":"https://flowdocs.built.io/concepts/conditions"}},"version":"v3","icon":"condition","act_type":"default","title":"Condition","provider":"Internal Only","next":["a0"],"prev":["start"],"id":"c0","type":"condition","label":"condition","datsetConnectionDetachableition":{},"json":"{\"title\":\"Condition Activity\",\"description\":\"Only flow continue when\",\"type\":\"object\",\"properties\":{\"or\":{\"type\":\"array\",\"title\":\"Conditions\",\"items\":{\"type\":\"object\",\"title\":\"Condition\",\"properties\":{\"and\":{\"type\":\"array\",\"title\":\"Filters\",\"items\":{\"type\":\"object\",\"title\":\"Filter\",\"format\":\"table\",\"properties\":{\"input\":{\"type\":\"string\",\"title\":\"Input\",\"minLength\":1},\"operator\":{\"title\":\"Condition\",\"description\":\"Select proper condition\",\"type\":\"string\",\"enum\":[\"(Text) Matches\",\"(Text) Exactly Matches\",\"(Text) Does Not Match\",\"(Text) Does Not Exactly Match\",\"(Text) Contains\",\"(Text) Does Not Contain\",\"(Text) Starts With\",\"(Text) Does Not Start With\",\"(Text) Ends With\",\"(Text) Does Not End With\",\"(Text) Is Alphanumeric\",\"(Text) Is Empty\",\"(Number) Equals\",\"(Number) Not Equals\",\"(Number) Greater Than\",\"(Number) Greater Than Equals\",\"(Number) Less Than\",\"(Number) Less Than Equals\",\"(Number) Is Negative\",\"(Number) Is Positive\",\"(Date/Time) Equals\",\"(Date/Time) Less Than\",\"(Date/Time) Less Than Equals\",\"(Date/Time) Greater Than\",\"(Date/Time) Greater Than Equals\",\"(Array) Length Equals\",\"(Array) Length Does Not Equals\",\"(Array) Length Less Than\",\"(Array) Length Less Than Equals\",\"(Array) Length Greater Than\",\"(Array) Length Greater Than Equals\",\"(Array) Is Empty\",\"(Array) Contains All Object\",\"(Array) Contains All String\",\"(Array) Contains All Number\",\"(Array) Contains All Object And Has This Property\",\"(Object) Has Property\",\"(Object) Does Not Have Property\",\"(Object) Is Empty\",\"(Regex) Match Pattern\",\"(Boolean) Is Value True\",\"(Boolean) Is Value False\",\"(Input) Exists\",\"(Input) Does Not Exist\",\"(Input) Is Null\",\"(Input) Is String\",\"(Input) Is Number\",\"(Input) Is Date\",\"(Input) Is An Array\",\"(Input) Is An Object\",\"(Input) Is Boolean\",\"(Input) Data Type Is\"]},\"expected\":{\"type\":\"string\",\"title\":\"Expected\",\"description\":\"Enter the value you want to compare against the value given in the Input field for the specified condition. By default, the value of this field is set to true for all conditions starting with ‘Is’.\"}}}}}}}}}"},{"label":"queryAccounts","usage":{},"icon":"com.softwareag.cloudstreams.salesforce_v44","act_type":"default","provider":"Salesforce CRM","category":"service","source":"cloudstream","cloudstream":{"connector_detail":{"id":"com.softwareag.cloudstreams.salesforce_v44","name":"Salesforce CRM","version":"44","packageName":"WmSalesforceProvider","allowCustomOperations":"true","hasMultipleVersions":true,"latest":true,"description":"Salesforce, using the Partner SOAP API version 44, supports all business objects (for example, Account) and operations including any customizations done on the Salesforce instance. It also supports Salesforce analytics using wave.","type":"SOAP","providerName":"WmSalesforceProvider","allowDeleteApplication":false,"allowUpdateApplication":false},"operation":{"operationName":"queryAccounts","isCustom":"false","description":"Query the accounts based on query criteria.","operationType":"triggers","connectionType":"sagcloud"}},"position":{"x":379,"y":200.75},"type":"queryAccounts","id":"a0","next":["c1"],"prev":["c0"],"hasError":false,"original_label":"Salesforce CRM","version":"44","input":"{\"type\":\"object\",\"title\":\"queryAccounts\",\"properties\":{\"where\":{\"type\":\"string\",\"sub_type\":\"string\",\"title\":\"where\"},\"limit\":{\"type\":\"string\",\"sub_type\":\"string\",\"title\":\"limit\"},\"$internal\":{\"type\":\"object\",\"sub_type\":\"record\",\"title\":\"$internal\",\"properties\":{\"hasMore\":{\"type\":\"string\",\"sub_type\":\"string\",\"enum\":[\"\",\"false\",\"true\"],\"enumNames\":[\"Select options\",\"false\",\"true\"],\"title\":\"hasMore\"},\"queryLocator\":{\"type\":\"string\",\"sub_type\":\"string\",\"title\":\"queryLocator\"}}},\"auth\":{\"connection\":\"com.softwareag.cloudstreams.salesforce_v44-sagcloud\",\"minLength\":1,\"propertyOrder\":1,\"type\":\"string\",\"title\":\"Connect to Salesforce CRM\",\"__fieldId\":\"auth\"}}}","output":"{\"type\":\"object\",\"title\":\"output\",\"properties\":{\"Account\":{\"type\":\"array\",\"sub_type\":\"array\",\"title\":\"Account\",\"items\":{\"type\":\"object\",\"sub_type\":\"record\",\"title\":\"Account\",\"properties\":{\"Id\":{\"type\":\"string\",\"sub_type\":\"string\",\"title\":\"Id\"},\"IsDeleted\":{\"type\":\"string\",\"sub_type\":\"string\",\"title\":\"IsDeleted\"},\"MasterRecordId\":{\"type\":\"string\",\"sub_type\":\"string\",\"title\":\"MasterRecordId\"},\"Name\":{\"type\":\"string\",\"sub_type\":\"string\",\"title\":\"Name\"},\"Type\":{\"type\":\"string\",\"sub_type\":\"string\",\"enum\":[\"\",\"Prospect\",\"Customer - Direct\",\"Customer - Channel\",\"Channel Partner / Reseller\",\"Installation Partner\",\"Technology Partner\",\"Other\"],\"enumNames\":[\"Select options\",\"Prospect\",\"Customer - Direct\",\"Customer - Channel\",\"Channel Partner / Reseller\",\"Installation Partner\",\"Technology Partner\",\"Other\"],\"title\":\"Type\"},\"ParentId\":{\"type\":\"string\",\"sub_type\":\"string\",\"title\":\"ParentId\"},\"BillingStreet\":{\"type\":\"string\",\"sub_type\":\"string\",\"title\":\"BillingStreet\"},\"BillingCity\":{\"type\":\"string\",\"sub_type\":\"string\",\"title\":\"BillingCity\"},\"BillingState\":{\"type\":\"string\",\"sub_type\":\"string\",\"title\":\"BillingState\"},\"BillingPostalCode\":{\"type\":\"string\",\"sub_type\":\"string\",\"title\":\"BillingPostalCode\"},\"BillingCountry\":{\"type\":\"string\",\"sub_type\":\"string\",\"title\":\"BillingCountry\"},\"BillingLatitude\":{\"type\":\"string\",\"sub_type\":\"string\",\"title\":\"BillingLatitude\"},\"BillingLongitude\":{\"type\":\"string\",\"sub_type\":\"string\",\"title\":\"BillingLongitude\"},\"BillingGeocodeAccuracy\":{\"type\":\"string\",\"sub_type\":\"string\",\"enum\":[\"\",\"Address\",\"NearAddress\",\"Block\",\"Street\",\"ExtendedZip\",\"Zip\",\"Neighborhood\",\"City\",\"County\",\"State\",\"Unknown\"],\"enumNames\":[\"Select options\",\"Address\",\"NearAddress\",\"Block\",\"Street\",\"ExtendedZip\",\"Zip\",\"Neighborhood\",\"City\",\"County\",\"State\",\"Unknown\"],\"title\":\"BillingGeocodeAccuracy\"},\"BillingAddress\":{\"type\":\"string\",\"sub_type\":\"string\",\"title\":\"BillingAddress\"},\"ShippingStreet\":{\"type\":\"string\",\"sub_type\":\"string\",\"title\":\"ShippingStreet\"},\"ShippingCity\":{\"type\":\"string\",\"sub_type\":\"string\",\"title\":\"ShippingCity\"},\"ShippingState\":{\"type\":\"string\",\"sub_type\":\"string\",\"title\":\"ShippingState\"},\"ShippingPostalCode\":{\"type\":\"string\",\"sub_type\":\"string\",\"title\":\"ShippingPostalCode\"},\"ShippingCountry\":{\"type\":\"string\",\"sub_type\":\"string\",\"title\":\"ShippingCountry\"},\"ShippingLatitude\":{\"type\":\"string\",\"sub_type\":\"string\",\"title\":\"ShippingLatitude\"},\"ShippingLongitude\":{\"type\":\"string\",\"sub_type\":\"string\",\"title\":\"ShippingLongitude\"},\"ShippingGeocodeAccuracy\":{\"type\":\"string\",\"sub_type\":\"string\",\"enum\":[\"\",\"Address\",\"NearAddress\",\"Block\",\"Street\",\"ExtendedZip\",\"Zip\",\"Neighborhood\",\"City\",\"County\",\"State\",\"Unknown\"],\"enumNames\":[\"Select options\",\"Address\",\"NearAddress\",\"Block\",\"Street\",\"ExtendedZip\",\"Zip\",\"Neighborhood\",\"City\",\"County\",\"State\",\"Unknown\"],\"title\":\"ShippingGeocodeAccuracy\"},\"ShippingAddress\":{\"type\":\"string\",\"sub_type\":\"string\",\"title\":\"ShippingAddress\"},\"Phone\":{\"type\":\"string\",\"sub_type\":\"string\",\"title\":\"Phone\"},\"Fax\":{\"type\":\"string\",\"sub_type\":\"string\",\"title\":\"Fax\"},\"AccountNumber\":{\"type\":\"string\",\"sub_type\":\"string\",\"title\":\"AccountNumber\"},\"Website\":{\"type\":\"string\",\"sub_type\":\"string\",\"title\":\"Website\"},\"PhotoUrl\":{\"type\":\"string\",\"sub_type\":\"string\",\"title\":\"PhotoUrl\"},\"Sic\":{\"type\":\"string\",\"sub_type\":\"string\",\"title\":\"Sic\"},\"Industry\":{\"type\":\"string\",\"sub_type\":\"string\",\"enum\":[\"\",\"Agriculture\",\"Apparel\",\"Banking\",\"Biotechnology\",\"Chemicals\",\"Communications\",\"Construction\",\"Consulting\",\"Education\",\"Electronics\",\"Energy\",\"Engineering\",\"Entertainment\",\"Environmental\",\"Finance\",\"Food & Beverage\",\"Government\",\"Healthcare\",\"Hospitality\",\"Insurance\",\"Machinery\",\"Manufacturing\",\"Media\",\"Not For Profit\",\"Recreation\",\"Retail\",\"Shipping\",\"Technology\",\"Telecommunications\",\"Transportation\",\"Utilities\",\"Other\"],\"enumNames\":[\"Select options\",\"Agriculture\",\"Apparel\",\"Banking\",\"Biotechnology\",\"Chemicals\",\"Communications\",\"Construction\",\"Consulting\",\"Education\",\"Electronics\",\"Energy\",\"Engineering\",\"Entertainment\",\"Environmental\",\"Finance\",\"Food & Beverage\",\"Government\",\"Healthcare\",\"Hospitality\",\"Insurance\",\"Machinery\",\"Manufacturing\",\"Media\",\"Not For Profit\",\"Recreation\",\"Retail\",\"Shipping\",\"Technology\",\"Telecommunications\",\"Transportation\",\"Utilities\",\"Other\"],\"title\":\"Industry\"},\"AnnualRevenue\":{\"type\":\"string\",\"sub_type\":\"string\",\"title\":\"AnnualRevenue\"},\"NumberOfEmployees\":{\"type\":\"string\",\"sub_type\":\"string\",\"title\":\"NumberOfEmployees\"},\"Ownership\":{\"type\":\"string\",\"sub_type\":\"string\",\"enum\":[\"\",\"Public\",\"Private\",\"Subsidiary\",\"Other\"],\"enumNames\":[\"Select options\",\"Public\",\"Private\",\"Subsidiary\",\"Other\"],\"title\":\"Ownership\"},\"TickerSymbol\":{\"type\":\"string\",\"sub_type\":\"string\",\"title\":\"TickerSymbol\"},\"Description\":{\"type\":\"string\",\"sub_type\":\"string\",\"title\":\"Description\"},\"Rating\":{\"type\":\"string\",\"sub_type\":\"string\",\"enum\":[\"\",\"Hot\",\"Warm\",\"Cold\"],\"enumNames\":[\"Select options\",\"Hot\",\"Warm\",\"Cold\"],\"title\":\"Rating\"},\"Site\":{\"type\":\"string\",\"sub_type\":\"string\",\"title\":\"Site\"},\"OwnerId\":{\"type\":\"string\",\"sub_type\":\"string\",\"title\":\"OwnerId\"},\"CreatedDate\":{\"type\":\"string\",\"sub_type\":\"string\",\"title\":\"CreatedDate\"},\"CreatedById\":{\"type\":\"string\",\"sub_type\":\"string\",\"title\":\"CreatedById\"},\"LastModifiedDate\":{\"type\":\"string\",\"sub_type\":\"string\",\"title\":\"LastModifiedDate\"},\"LastModifiedById\":{\"type\":\"string\",\"sub_type\":\"string\",\"title\":\"LastModifiedById\"},\"SystemModstamp\":{\"type\":\"string\",\"sub_type\":\"string\",\"title\":\"SystemModstamp\"},\"LastActivityDate\":{\"type\":\"string\",\"sub_type\":\"string\",\"title\":\"LastActivityDate\"},\"LastViewedDate\":{\"type\":\"string\",\"sub_type\":\"string\",\"title\":\"LastViewedDate\"},\"LastReferencedDate\":{\"type\":\"string\",\"sub_type\":\"string\",\"title\":\"LastReferencedDate\"},\"Jigsaw\":{\"type\":\"string\",\"sub_type\":\"string\",\"title\":\"Jigsaw\"},\"JigsawCompanyId\":{\"type\":\"string\",\"sub_type\":\"string\",\"title\":\"JigsawCompanyId\"},\"CleanStatus\":{\"type\":\"string\",\"sub_type\":\"string\",\"enum\":[\"\",\"Matched\",\"Different\",\"Acknowledged\",\"NotFound\",\"Inactive\",\"Pending\",\"SelectMatch\",\"Skipped\"],\"enumNames\":[\"Select options\",\"Matched\",\"Different\",\"Acknowledged\",\"NotFound\",\"Inactive\",\"Pending\",\"SelectMatch\",\"Skipped\"],\"title\":\"CleanStatus\"},\"AccountSource\":{\"type\":\"string\",\"sub_type\":\"string\",\"enum\":[\"\",\"Web\",\"Phone Inquiry\",\"Partner Referral\",\"Purchased List\",\"Other\"],\"enumNames\":[\"Select options\",\"Web\",\"Phone Inquiry\",\"Partner Referral\",\"Purchased List\",\"Other\"],\"title\":\"AccountSource\"},\"DunsNumber\":{\"type\":\"string\",\"sub_type\":\"string\",\"title\":\"DunsNumber\"},\"Tradestyle\":{\"type\":\"string\",\"sub_type\":\"string\",\"title\":\"Tradestyle\"},\"NaicsCode\":{\"type\":\"string\",\"sub_type\":\"string\",\"title\":\"NaicsCode\"},\"NaicsDesc\":{\"type\":\"string\",\"sub_type\":\"string\",\"title\":\"NaicsDesc\"},\"YearStarted\":{\"type\":\"string\",\"sub_type\":\"string\",\"title\":\"YearStarted\"},\"SicDesc\":{\"type\":\"string\",\"sub_type\":\"string\",\"title\":\"SicDesc\"},\"DandbCompanyId\":{\"type\":\"string\",\"sub_type\":\"string\",\"title\":\"DandbCompanyId\"}},\"minLength\":1},\"minLength\":1},\"$internal\":{\"type\":\"object\",\"sub_type\":\"record\",\"title\":\"$internal\",\"properties\":{\"hasMore\":{\"type\":\"string\",\"sub_type\":\"string\",\"enum\":[\"\",\"false\",\"true\"],\"enumNames\":[\"Select options\",\"false\",\"true\"],\"minLength\":1,\"title\":\"hasMore\"},\"queryLocator\":{\"type\":\"string\",\"sub_type\":\"string\",\"minLength\":1,\"title\":\"queryLocator\"}},\"minLength\":1}}}","name":"queryAccounts"},{"category":"default","published":false,"hide_settings":false,"marketing_category":[],"uid":"act5b9c11c345c41102bf02a5","name":"condition","input":"{\"title\":\"Condition Activity\",\"description\":\"Only flow continue when\",\"type\":\"object\",\"properties\":{\"or\":{\"type\":\"array\",\"title\":\"Conditions\",\"items\":{\"type\":\"object\",\"title\":\"Condition\",\"properties\":{\"and\":{\"type\":\"array\",\"title\":\"Filters\",\"items\":{\"type\":\"object\",\"title\":\"Filter\",\"format\":\"table\",\"properties\":{\"input\":{\"type\":\"string\",\"title\":\"Input\",\"minLength\":1},\"operator\":{\"title\":\"Condition\",\"description\":\"Select proper condition\",\"type\":\"string\",\"enum\":[\"(Text) Matches\",\"(Text) Exactly Matches\",\"(Text) Does Not Match\",\"(Text) Does Not Exactly Match\",\"(Text) Contains\",\"(Text) Does Not Contain\",\"(Text) Starts With\",\"(Text) Does Not Start With\",\"(Text) Ends With\",\"(Text) Does Not End With\",\"(Text) Is Alphanumeric\",\"(Text) Is Empty\",\"(Number) Equals\",\"(Number) Not Equals\",\"(Number) Greater Than\",\"(Number) Greater Than Equals\",\"(Number) Less Than\",\"(Number) Less Than Equals\",\"(Number) Is Negative\",\"(Number) Is Positive\",\"(Date/Time) Equals\",\"(Date/Time) Less Than\",\"(Date/Time) Less Than Equals\",\"(Date/Time) Greater Than\",\"(Date/Time) Greater Than Equals\",\"(Array) Length Equals\",\"(Array) Length Does Not Equals\",\"(Array) Length Less Than\",\"(Array) Length Less Than Equals\",\"(Array) Length Greater Than\",\"(Array) Length Greater Than Equals\",\"(Array) Is Empty\",\"(Array) Contains All Object\",\"(Array) Contains All String\",\"(Array) Contains All Number\",\"(Array) Contains All Object And Has This Property\",\"(Object) Has Property\",\"(Object) Does Not Have Property\",\"(Object) Is Empty\",\"(Regex) Match Pattern\",\"(Boolean) Is Value True\",\"(Boolean) Is Value False\",\"(Input) Exists\",\"(Input) Does Not Exist\",\"(Input) Is Null\",\"(Input) Is String\",\"(Input) Is Number\",\"(Input) Is Date\",\"(Input) Is An Array\",\"(Input) Is An Object\",\"(Input) Is Boolean\",\"(Input) Data Type Is\"]},\"expected\":{\"type\":\"string\",\"title\":\"Expected\",\"description\":\"Enter the value you want to compare against the value given in the Input field for the specified condition. By default, the value of this field is set to true for all conditions starting with ‘Is’.\"}}}}}}}}}","output":"{\"title\":\"output\",\"type\":\"object\",\"properties\":{\"fields\":{\"type\":\"array\",\"title\":\"fields\",\"items\":{\"type\":\"object\"}},\"error\":{\"type\":\"string\",\"title\":\"error\"}}}","usage":{"html":"Allows you to check conditions.","link":{"title":"Help","href":"https://flowdocs.built.io/concepts/conditions"}},"version":"v3","icon":"condition","act_type":"default","title":"Condition","provider":"Internal Only","next":["stop"],"prev":["a0"],"id":"c1","type":"condition","label":"condition","datsetConnectionDetachableition":{},"json":"{\"title\":\"Condition Activity\",\"description\":\"Only flow continue when\",\"type\":\"object\",\"properties\":{\"or\":{\"type\":\"array\",\"title\":\"Conditions\",\"items\":{\"type\":\"object\",\"title\":\"Condition\",\"properties\":{\"and\":{\"type\":\"array\",\"title\":\"Filters\",\"items\":{\"type\":\"object\",\"title\":\"Filter\",\"format\":\"table\",\"properties\":{\"input\":{\"type\":\"string\",\"title\":\"Input\",\"minLength\":1},\"operator\":{\"title\":\"Condition\",\"description\":\"Select proper condition\",\"type\":\"string\",\"enum\":[\"(Text) Matches\",\"(Text) Exactly Matches\",\"(Text) Does Not Match\",\"(Text) Does Not Exactly Match\",\"(Text) Contains\",\"(Text) Does Not Contain\",\"(Text) Starts With\",\"(Text) Does Not Start With\",\"(Text) Ends With\",\"(Text) Does Not End With\",\"(Text) Is Alphanumeric\",\"(Text) Is Empty\",\"(Number) Equals\",\"(Number) Not Equals\",\"(Number) Greater Than\",\"(Number) Greater Than Equals\",\"(Number) Less Than\",\"(Number) Less Than Equals\",\"(Number) Is Negative\",\"(Number) Is Positive\",\"(Date/Time) Equals\",\"(Date/Time) Less Than\",\"(Date/Time) Less Than Equals\",\"(Date/Time) Greater Than\",\"(Date/Time) Greater Than Equals\",\"(Array) Length Equals\",\"(Array) Length Does Not Equals\",\"(Array) Length Less Than\",\"(Array) Length Less Than Equals\",\"(Array) Length Greater Than\",\"(Array) Length Greater Than Equals\",\"(Array) Is Empty\",\"(Array) Contains All Object\",\"(Array) Contains All String\",\"(Array) Contains All Number\",\"(Array) Contains All Object And Has This Property\",\"(Object) Has Property\",\"(Object) Does Not Have Property\",\"(Object) Is Empty\",\"(Regex) Match Pattern\",\"(Boolean) Is Value True\",\"(Boolean) Is Value False\",\"(Input) Exists\",\"(Input) Does Not Exist\",\"(Input) Is Null\",\"(Input) Is String\",\"(Input) Is Number\",\"(Input) Is Date\",\"(Input) Is An Array\",\"(Input) Is An Object\",\"(Input) Is Boolean\",\"(Input) Data Type Is\"]},\"expected\":{\"type\":\"string\",\"title\":\"Expected\",\"description\":\"Enter the value you want to compare against the value given in the Input field for the specified condition. By default, the value of this field is set to true for all conditions starting with ‘Is’.\"}}}}}}}}}"}],"uid":"fle1382d0c5a944443a0190b","refid":"kCgSdXw5B","features":{"retry":{"enable":false,"max_attempts":3},"checkpoint":{"enable":false}},"mask":{"input":{},"output":{}},"description":"","tags":[],"webhook_settings":{"show_auth":false,"auth_type":"user_auth","webhook_auth":{"type":"basic","auth":{"user_name":"","password":""}},"webhook_token":{"type":"authtoken","auth":{"token":""}}},"config_data":[{"embed":false,"action_data":{"or":[]},"activity_id":"c0","type":"action_data","flow_version":2},{"embed":false,"action_data":{"auth":"{{$config.connection.uconnd54a6c427374e2e5376c790a7f772c5fe7cdfc82.handle}}","_connection":"{{$config.connection.uconnd54a6c427374e2e5376c790a7f772c5fe7cdfc82}}","where":"AccountNumber = 'CUST00001'","$input_expre$$ion":[]},"activity_id":"a0","source":"cloudstream","name":"queryAccounts","type":"action_data","flow_version":2},{"embed":false,"action_data":{"or":[]},"activity_id":"c1","type":"action_data","flow_version":2},{"embed":false,"type":"connection","activity_id":"a0","action":"queryAccounts","service":"Salesforce CRM","provider":"com.softwareag.cloudstreams.salesforce_v44-sagcloud","version":"44","name":"SalesforceASML","source":"cloudstream","connection":"uconnd54a6c427374e2e5376c790a7f772c5fe7cdfc82","flow_version":2}],"custom_connector":[]}}