[{"assetType":"PolicyAction","assetObject":{"name":"Policy Action [Outbound Auth - Transport] -> Policy For API ProductWebService[1.0]","id":"c406183d-7e62-4694-8284-a909d8cba507","status":"Success","explanation":"OK","warning":false}},{"assetType":"Team","assetObject":{"name":"Administrators","id":"Administrators","status":"Success","explanation":"OK","warning":false}},{"assetType":"API","assetObject":{"name":"ProductWebService[1.0]","id":"9b8c3d2e-e779-4bcd-ae8b-60ab763dc9dc","status":"Success","explanation":"OK","warning":false}},{"assetType":"PassmanData","assetObject":{"name":"c406183d-7e62-4694-8284-a909d8cba507password","id":"c406183d-7e62-4694-8284-a909d8cba507password","status":"Success","explanation":"OK","warning":false}},{"assetType":"AccessControlList","assetObject":{"name":"AccessControlList for asset : ProductWebService","id":"6759ac9b-2c2c-487c-81a7-db022b5b91b4","status":"Success","explanation":"OK","warning":false}},{"assetType":"Team","assetObject":{"name":"Default","id":"Default","status":"Success","explanation":"OK","warning":false}},{"assetType":"PolicyAction","assetObject":{"name":"Policy Action [Straight Through Routing] -> Policy For API ProductWebService[1.0]","id":"a6579725-bcde-461a-83c9-b74796003c53","status":"Success","explanation":"OK","warning":false}},{"assetType":"PolicyAction","assetObject":{"name":"Policy Action [Enable HTTP / HTTPS] -> Policy For API ProductWebService[1.0]","id":"12d85df9-52a0-4acf-9111-32ff1e4d55b3","status":"Success","explanation":"OK","warning":false}},{"assetType":"Policy","assetObject":{"name":"Policy For API ProductWebService[1.0]","id":"74c48605-76d6-460b-acf5-725e0cd13d21","status":"Success","explanation":"OK","warning":false}},{"assetType":"PolicyAction","assetObject":{"name":"Policy Action [Identify & Authorize] -> Policy For API ProductWebService[1.0]","id":"c73e7863-efba-45eb-90a6-5d5f138c7edd","status":"Success","explanation":"OK","warning":false}}]